{
  "gamma_values": [
    5.0,
    13.125,
    21.25,
    29.375,
    37.5,
    45.625,
    53.75,
    61.875,
    70.0,
    78.125,
    86.25,
    94.375,
    102.5,
    110.625,
    118.75,
    126.875,
    135.0,
    143.125,
    151.25,
    159.375,
    167.5,
    175.625,
    183.75,
    191.875,
    200.0
  ],
  "binding_values": [
    84.62430448694704,
    86.14046563694744,
    82.4256529637593,
    86.60430665040076,
    83.36274713633763,
    85.23728631139647,
    81.19301547687883,
    82.96164341833294,
    91.57094431018868,
    88.25362268564822,
    85.68844297282006,
    88.5804778808794,
    86.68240100099472,
    78.52355280715771,
    84.07049194777876,
    80.50197601520115,
    87.30219335892525,
    83.07583676672645,
    89.43167337192335,
    87.86457679352588,
    78.82244524890393,
    88.6955109790503,
    83.39061174709816,
    84.4723767000102,
    82.92837268336916
  ],
  "errors": [
    3.164756423043621,
    2.2606792756289646,
    5.586464161146281,
    8.54530836350096,
    4.330507899572285,
    0.3690974429414382,
    4.596007299102659,
    4.970096805962922,
    0.35355243487902044,
    4.697836717376976,
    7.071459096698425,
    8.150437416086048,
    5.338883217194519,
    10.162392940315609,
    7.523860800672492,
    3.3739884391261428,
    5.46770107964386,
    2.564010857302274,
    6.404287139164991,
    10.006578069471495,
    3.8337908341525218,
    5.149095876971606,
    5.500027869400652,
    3.466712842993048,
    2.888340889503873
  ],
  "best_gamma": 70.0,
  "best_binding": 91.57094431018868
}