{
  "gamma": 70.0,
  "target_binding": 92.16,
  "achieved_binding": 91.57094431018868,
  "error_mev": 0.5890556898113175,
  "error_percent": 0.6391663300904054,
  "A0": 12.0,
  "power": 1.5
}