{
  "TP": 45,
  "FP": 395,
  "TN": 0,
  "FN": 0,
  "recall": 1.0,
  "precision": 0.10227272727272728,
  "specificity": 0.0,
  "accuracy": 0.10227272727272728
}